"pop2025","pop2050","country","area","landAreaKm","cca2","cca3","density","growthRate","worldPercentage","rank","growthProjected","population"
1463870000,1679590000,"India",3287590,2973190,"IN","IND",492.3567,0.0089,0.1829,1,215720000,1463870000
1416100000,1260290000,"China",9706961,9424702.9,"CN","CHN",150.2541,-0.0023,0.1769,2,-155810000,1416100000
347276000,380847000,"United States",9372610,9147420,"US","USA",37.9644,0.0054,0.0434,3,33571000,347276000
285721000,320713000,"Indonesia",1904569,1877519,"ID","IDN",152.1801,0.0079,0.0357,4,34992000,285721000
255220000,371864000,"Pakistan",881912,770880,"PK","PAK",331.0762,0.0157,0.0319,5,116644000,255220000
237528000,359186000,"Nigeria",923768,910770,"NG","NGA",260.7991,0.0208,0.0297,6,121658000,237528000
212812000,217489000,"Brazil",8515767,8358140,"BR","BRA",25.4616,0.0038,0.0266,7,4677000,212812000
175687000,214709000,"Bangladesh",147570,130170,"BD","BGD",1349.6735,0.0122,0.0219,8,39022000,175687000
143997000,136133000,"Russia",17098242,16376870,"RU","RUS",8.7927,-0.0057,0.018,9,-7864000,143997000
135472000,225022000,"Ethiopia",1104300,1128571.3,"ET","ETH",120.0385,0.0258,0.0169,10,89550000,135472000
131947000,148946000,"Mexico",1964375,1943950,"MX","MEX",67.8757,0.0083,0.0165,11,16999000,131947000
123103000,105123000,"Japan",377930,364500,"JP","JPN",337.7311,-0.0053,0.0154,12,-17980000,123103000
118366000,161630000,"Egypt",1002450,995450,"EG","EGY",118.907,0.0157,0.0148,13,43264000,118366000
116787000,134373000,"Philippines",342353,298170,"PH","PHL",391.6792,0.0081,0.0146,14,17586000,116787000
112832000,218246000,"DR Congo",2344858,2267050,"CD","COD",49.7704,0.0325,0.0141,15,105414000,112832000
101599000,110009000,"Vietnam",331212,313429,"VN","VNM",324.1532,0.0061,0.0127,16,8410000,101599000
92417700,101862000,"Iran",1648195,1622500,"IR","IRN",56.9601,0.0093,0.0115,17,9444300,92417700
87685400,91258100,"Turkey",783562,783562,"TR","TUR",111.9061,0.0024,0.011,18,3572700,87685400
84075100,78294600,"Germany",357114,349390,"DE","DEU",240.634,-0.0056,0.0105,19,-5780500,84075100
71619900,66382700,"Thailand",513120,510890,"TH","THA",140.1865,-0.0007,0.0089,20,-5237200,71619900
70545900,129621000,"Tanzania",945087,885800,"TZ","TZA",79.6409,0.029,0.0088,21,59075100,70545900
69551300,75504700,"United Kingdom",242900,241930,"GB","GBR",287.4852,0.006,0.0087,22,5953400,69551300
66650800,68219700,"France",551695,547557,"FR","FRA",121.7239,0.0015,0.0083,23,1568900,66650800
64747300,79177300,"South Africa",1221037,1213090,"ZA","ZAF",53.3739,0.0116,0.0081,24,14430000,64747300
59146300,51891100,"Italy",301336,295717,"IT","ITA",200.0098,-0.0033,0.0074,25,-7255200,59146300
57532500,83593200,"Kenya",580367,569140,"KE","KEN",101.0867,0.0195,0.0072,26,26060700,57532500
54850600,58623200,"Myanmar",676578,652670,"MM","MMR",84.0403,0.0064,0.0069,27,3772600,54850600
53425600,59385400,"Colombia",1141748,1109500,"CO","COL",48.1529,0.0102,0.0067,28,5959800,53425600
51667000,45143100,"South Korea",100210,97600,"KR","KOR",529.375,-0.001,0.0065,29,-6523900,51667000
51662100,85206400,"Sudan",1886068,1868000,"SD","SDN",27.6564,0.024,0.0065,30,33544300,51662100
51384900,85431200,"Uganda",241550,200520,"UG","UGA",256.2582,0.0274,0.0064,31,34046300,51384900
47890000,44928600,"Spain",505992,499556.6,"ES","ESP",95.865,-0.0004,0.006,32,-2961400,47890000
47435300,59565600,"Algeria",2381741,2381741,"DZ","DZA",19.9162,0.0133,0.0059,33,12130300,47435300
47020800,71928800,"Iraq",438317,434128,"IQ","IRQ",108.3109,0.0213,0.0059,34,24908000,47020800
45851400,48308900,"Argentina",2780400,2736690,"AR","ARG",16.7543,0.0034,0.0057,35,2457500,45851400
43844100,76885100,"Afghanistan",652230,652230,"AF","AFG",67.2218,0.0281,0.0055,36,33041000,43844100
41773900,70976400,"Yemen",527968,527970,"YE","YEM",79.1217,0.0293,0.0052,37,29202500,41773900
40126700,45621900,"Canada",9984670,8965590,"CA","CAN",4.4756,0.0097,0.005,38,5495200,40126700
39040000,74295400,"Angola",1246700,1246700,"AO","AGO",31.3147,0.0305,0.0049,39,35255400,39040000
38980400,31990100,"Ukraine",603500,579400,"UA","UKR",67.2772,0.0296,0.0049,40,-6990300,38980400
38430800,43440400,"Morocco",446550,446300,"MA","MAR",86.1098,0.0092,0.0048,41,5009600,38430800
38140900,32814100,"Poland",312679,306130,"PL","POL",124.5905,-0.0103,0.0048,42,-5326800,38140900
37053400,52210800,"Uzbekistan",447400,440650,"UZ","UZB",84.0881,0.019,0.0046,43,15157400,37053400
35977800,44289800,"Malaysia",330803,328550,"MY","MYS",109.5048,0.0118,0.0045,44,8312000,35977800
35631700,63531000,"Mozambique",801590,786380,"MZ","MOZ",45.311,0.0289,0.0045,45,27899300,35631700
35064300,50553000,"Ghana",238533,227533,"GH","GHA",154.1064,0.0185,0.0044,46,15488700,35064300
34576700,40583900,"Peru",1285216,1280000,"PE","PER",27.013,0.0105,0.0043,47,6007200,34576700
34566300,47693900,"Saudi Arabia",2149690,2149690,"SA","SAU",16.0797,0.0178,0.0043,48,13127600,34566300
32740700,53185500,"Madagascar",587041,581800,"MG","MDG",56.2748,0.0243,0.0041,49,20444800,32740700
32711500,55747000,"Ivory Coast",322463,318000,"CI","CIV",102.8664,0.0243,0.0041,50,23035500,32711500
29879300,51096300,"Cameroon",475442,472710,"CM","CMR",63.2085,0.0259,0.0037,51,21217000,29879300
29618100,34642000,"Nepal",147181,143350,"NP","NPL",206.6139,-0.0011,0.0037,52,5023900,29618100
28516900,31094900,"Venezuela",916445,882050,"VE","VEN",32.3303,0.0039,0.0036,53,2578000,28516900
27917800,52513900,"Niger",1267000,1266700,"NE","NER",22.0398,0.0328,0.0035,54,24596100,27917800
26974000,32507000,"Australia",7692024,7692020,"AU","AUS",3.5068,0.0098,0.0034,55,5533000,26974000
26571000,25787100,"North Korea",120538,120410,"KP","PRK",220.671,0.0027,0.0033,56,-783900,26571000
25620400,37793400,"Syria",185180,183630,"SY","SYR",139.5219,0.0384,0.0032,57,12173000,25620400
25198800,46154100,"Mali",1240192,1220190,"ML","MLI",20.6515,0.0294,0.0031,58,20955300,25198800
24074600,37304400,"Burkina Faso",272967,273600,"BF","BFA",87.992,0.0223,0.003,59,13229800,24074600
23229500,24813700,"Sri Lanka",65610,61860,"LK","LKA",375.5173,0.0054,0.0029,60,1584200,23229500
23112800,19434600,"Taiwan",36193,36197,"TW","TWN",638.5281,-0.0044,0.0029,61,-3678200,23112800
22216100,37361700,"Malawi",118484,94280,"MW","MWI",235.6396,0.0259,0.0028,62,15145600,22216100
21913900,38083400,"Zambia",752612,743390,"ZM","ZMB",29.4783,0.0281,0.0027,63,16169500,21913900
21003700,38857700,"Chad",1284000,1259200,"TD","TCD",16.6802,0.0347,0.0026,64,17854000,21003700
20843800,26544300,"Kazakhstan",2724900,2699700,"KZ","KAZ",7.7208,0.0122,0.0026,65,5700500,20843800
19859900,20320300,"Chile",756102,743532,"CL","CHL",26.7102,0.0048,0.0025,66,460400,19859900
19654700,37206500,"Somalia",637657,627340,"SO","SOM",31.3302,0.034,0.0025,67,17551800,19654700
18932000,30365000,"Senegal",196722,192530,"SN","SEN",98.3327,0.0232,0.0024,68,11433000,18932000
18908600,16027300,"Romania",238391,230080,"RO","ROU",82.1827,-0.0056,0.0024,69,-2881300,18908600
18687900,24670900,"Guatemala",108889,107160,"GT","GTM",174.3925,0.0153,0.0023,70,5983000,18687900
18346800,18958500,"Netherlands",41850,33670,"NL","NLD",544.9005,0.0065,0.0023,71,611700,18346800
18289900,21337200,"Ecuador",276841,248360,"EC","ECU",73.6427,0.0085,0.0023,72,3047300,18289900
17848000,21931500,"Cambodia",181035,176520,"KH","KHM",101.1104,0.0119,0.0022,73,4083500,17848000
16950800,25866400,"Zimbabwe",390757,386850,"ZW","ZWE",43.8175,0.019,0.0021,74,8915600,16950800
15099700,23404600,"Guinea",245857,245720,"GN","GIN",61.4508,0.0234,0.0019,75,8304900,15099700
14814500,24433800,"Benin",112622,112760,"BJ","BEN",131.3808,0.0243,0.0019,76,9619300,14814500
14569300,22707900,"Rwanda",26338,24670,"RW","RWA",590.5675,0.0219,0.0018,77,8138600,14569300
14390000,24131700,"Burundi",27834,25680,"BI","BDI",560.3583,0.0244,0.0018,78,9741700,14390000
12581800,16110200,"Bolivia",1098581,1083300,"BO","BOL",11.6143,0.0136,0.0016,79,3528400,12581800
12348600,13145100,"Tunisia",163610,155360,"TN","TUN",79.4838,0.0058,0.0015,80,796500,12348600
12188800,18342000,"South Sudan",619745,631930,"SS","SSD",19.2882,0.0205,0.0015,81,6153200,12188800
11906100,14710900,"Haiti",27750,27560,"HT","HTI",432.0065,0.0113,0.0015,82,2804800,11906100
11758600,11870900,"Belgium",30528,30280,"BE","BEL",388.3289,0.0017,0.0015,83,112300,11758600
11520700,16367400,"Jordan",89342,88794,"JO","JOR",129.7464,-0.0028,0.0014,84,4846700,11520700
11520500,12996300,"Dominican Republic",48671,48310,"DO","DOM",238.4703,0.0081,0.0014,85,1475800,11520500
11346000,15367400,"United Arab Emirates",83600,71020,"AE","ARE",159.7578,0.0289,0.0014,86,4021400,11346000
11005800,14846800,"Honduras",112492,111890,"HN","HND",98.3627,0.0166,0.0014,87,3841000,11005800
10937200,9382000,"Cuba",109884,103800,"CU","CUB",105.368,-0.0039,0.0014,88,-1555200,10937200
10786700,15574600,"Tajikistan",143100,138790,"TJ","TJK",77.7196,0.0185,0.0013,89,4787900,10786700
10762800,14906600,"Papua New Guinea",462840,452860,"PG","PNG",23.7663,0.0176,0.0013,90,4143800,10762800
10656600,11309600,"Sweden",450295,407283.5,"SE","SWE",26.1651,0.0047,0.0013,91,653000,10656600
10609200,9825540,"Czech Republic",78865,77198.5,"CZ","CZE",137.4275,-0.0118,0.0013,92,-783660,10609200
10411800,9770270,"Portugal",92090,91605.6,"PT","PRT",113.659,-0.0013,0.0013,93,-641530,10411800
10397700,11224900,"Azerbaijan",86600,82646,"AZ","AZE",125.8101,0.0059,0.0013,94,827200,10397700
9938840,8812070,"Greece",131990,128900,"GR","GRC",77.105,-0.0108,0.0012,95,-1126770,9938840
9721610,15584800,"Togo",56785,54390,"TG","TGO",178.7389,0.0217,0.0012,96,5863190,9721610
9632290,8725350,"Hungary",93028,91260,"HU","HUN",105.5478,-0.0045,0.0012,97,-906940,9632290
9517180,13092700,"Israel",20770,21640,"IL","ISR",439.7957,0.0139,0.0012,98,3575520,9517180
9113570,8724330,"Austria",83871,82520,"AT","AUT",110.4407,-0.0008,0.0011,99,-389240,9113570
8997600,7453550,"Belarus",207600,202980,"BY","BLR",44.3275,-0.0065,0.0011,100,-1544050,8997600
8967410,9342590,"Switzerland",41284,39516,"CH","CHE",226.9311,0.0051,0.0011,101,375180,8967410
8819790,12948300,"Sierra Leone",71740,72180,"SL","SLE",122.1916,0.0206,0.0011,102,4128510,8819790
7873050,9757280,"Laos",236800,230800,"LA","LAO",34.112,0.0133,0.001,103,1884230,7873050
7618850,9639710,"Turkmenistan",488100,469930,"TM","TKM",16.2127,0.0166,0.001,104,2020860,7618850
7458560,9260600,"Libya",1759540,1759540,"LY","LBY",4.2389,0.0105,0.0009,105,1802040,7458560
7396080,6090620,"Hong Kong",1104,1050,"HK","HKG",7043.8857,-0.0025,0.0009,106,-1305460,7396080
7295030,9642950,"Kyrgyzstan",199951,191800,"KG","KGZ",38.0346,0.0152,0.0009,107,2347920,7295030
7013080,8640460,"Paraguay",406752,397300,"PY","PRY",17.6518,0.0121,0.0009,108,1627380,7013080
7007500,8756430,"Nicaragua",130373,120340,"NI","NIC",58.2308,0.0132,0.0009,109,1748930,7007500
6714560,5402220,"Bulgaria",110879,108560,"BG","BGR",61.8511,-0.0064,0.0008,110,-1312340,6714560
6689040,5532870,"Serbia",88361,87460,"RS","SRB",76.4811,-0.007,0.0008,111,-1156170,6689040
6484440,11006500,"Republic of the Congo",342000,341500,"CG","COG",18.9881,0.0239,0.0008,112,4522060,6484440
6365500,6663350,"El Salvador",21041,20720,"SV","SLV",307.2153,0.0043,0.0008,113,297850,6365500
6002510,6124840,"Denmark",43094,40000,"DK","DNK",150.0628,0.0042,0.0007,114,122330,6002510
5870750,6081690,"Singapore",710,718,"SG","SGP",8176.532,0.0066,0.0007,115,210940,5870750
5849420,6999260,"Lebanon",10452,10230,"LB","LBN",571.7908,0.0075,0.0007,116,1149840,5849420
5731210,8910530,"Liberia",111369,96320,"LR","LBR",59.5018,0.0211,0.0007,117,3179320,5731210
5623330,5351640,"Finland",338424,303940,"FI","FIN",18.5014,0.0011,0.0007,118,-271690,5623330
5623070,5899830,"Norway",323802,364285,"NO","NOR",15.4359,0.0083,0.0007,119,276760,5623070
5589620,8451890,"Palestine",6220,6020,"PS","PSE",928.5083,0.0171,0.0007,120,2862270,5589620
5513280,10616800,"Central African Republic",622984,622980,"CF","CAF",8.8499,0.0343,0.0007,121,5103520,5513280
5494690,7827000,"Oman",309500,309500,"OM","OMN",17.7534,0.0404,0.0007,122,2332310,5494690
5474880,4936490,"Slovakia",49037,49035,"SK","SVK",111.6525,-0.0058,0.0007,123,-538390,5474880
5315060,9415600,"Mauritania",1030700,1030700,"MR","MRT",5.1567,0.0282,0.0007,124,4100540,5315060
5308040,5970040,"Ireland",70273,68890,"IE","IRL",77.051,0.0101,0.0007,125,662000,5308040
5251900,5755290,"New Zealand",270467,263310,"NZ","NZL",19.9457,0.0073,0.0007,126,503390,5251900
5152950,5354150,"Costa Rica",51100,51060,"CR","CRI",100.9195,0.0045,0.0006,127,201200,5152950
5026080,6367760,"Kuwait",17818,17820,"KW","KWT",282.0471,0.0186,0.0006,128,1341680,5026080
4571190,5630680,"Panama",75417,74180,"PA","PAN",61.6229,0.0123,0.0006,129,1059490,4571190
3848160,3234160,"Croatia",56594,55960,"HR","HRV",68.7663,-0.007,0.0005,130,-614000,3848160
3806670,3664010,"Georgia",69700,69490,"GE","GEO",54.7801,-0.0003,0.0005,131,-142660,3806670
3607000,5696060,"Eritrea",117600,121040.8,"ER","ERI",29.7999,0.0202,0.0005,132,2089060,3607000
3517100,4501490,"Mongolia",1564110,1557506.8,"MN","MNG",2.2582,0.012,0.0004,133,984390,3517100
3384690,3254350,"Uruguay",181034,175020,"UY","URY",19.3389,-0.0006,0.0004,134,-130340,3384690
3235290,2503990,"Puerto Rico",8870,8870,"PR","PRI",364.7452,-0.0021,0.0004,135,-731300,3235290
3140100,2455170,"Bosnia and Herzegovina",51209,51200,"BA","BIH",61.3301,-0.0076,0.0004,136,-684930,3140100
3115890,4164460,"Qatar",11586,11490,"QA","QAT",271.1828,0.0221,0.0004,137,1048570,3115890
3092820,4512300,"Namibia",825615,823290,"NA","NAM",3.7567,0.0207,0.0004,138,1419480,3092820
2996110,2351810,"Moldova",33846,32884.6,"MD","MDA",91.1098,-0.0128,0.0004,139,-644300,2996110
2952360,2495210,"Armenia",29743,28470,"AM","ARM",103.7007,-0.0072,0.0004,140,-457150,2952360
2837080,2454940,"Jamaica",10991,10830,"JM","JAM",261.9649,-0.0007,0.0004,141,-382140,2837080
2830140,2258770,"Lithuania",65300,62620,"LT","LTU",45.1955,-0.0101,0.0004,142,-571370,2830140
2822090,4301900,"Gambia",10689,10120,"GM","GMB",278.8626,0.0225,0.0004,143,1479810,2822090
2771510,2240170,"Albania",28748,27400,"AL","ALB",101.15,-0.0073,0.0003,144,-531340,2771510
2593130,4084530,"Gabon",267668,257670,"GA","GAB",10.0638,0.0213,0.0003,145,1491400,2593130
2562120,3437430,"Botswana",582000,566730,"BW","BWA",4.5209,0.0163,0.0003,146,875310,2562120
2363320,2993080,"Lesotho",30355,30360,"LS","LSO",77.8432,0.0111,0.0003,147,629760,2363320
2249520,3438610,"Guinea-Bissau",36125,28120,"GW","GNB",79.9972,0.0219,0.0003,148,1189090,2249520
2117070,1981550,"Slovenia",20273,20136.4,"SI","SVN",105.1365,-0.0008,0.0003,149,-135520,2117070
1938430,3143730,"Equatorial Guinea",28051,28050,"GQ","GNQ",69.1062,0.0243,0.0002,150,1205300,1938430
1853560,1513810,"Latvia",64559,62230,"LV","LVA",29.7856,-0.0098,0.0002,151,-339750,1853560
1813790,1512690,"North Macedonia",25713,25220,"MK","MKD",71.9187,-0.0051,0.0002,152,-301100,1813790
1643330,2139460,"Bahrain",765,785,"BH","BHR",2093.414,0.0226,0.0002,153,496130,1643330
1511160,1399800,"Trinidad and Tobago",5130,5130,"TT","TTO",294.5731,0.0022,0.0002,154,-111360,1511160
1418520,1889250,"Timor-Leste",14874,14870,"TL","TLS",95.3948,0.0128,0.0002,155,470730,1418520
1370750,1508480,"Cyprus",9251,9240,"CY","CYP",148.3496,0.0092,0.0002,156,137730,1370750
1344230,1174270,"Estonia",45227,42750,"EE","EST",31.444,-0.012,0.0002,157,-169960,1344230
1268280,1107200,"Mauritius",2040,2030,"MU","MUS",624.7685,-0.0023,0.0002,158,-161080,1268280
1256170,1505330,"Eswatini",17364,17200,"SZ","SWZ",73.0331,0.0107,0.0002,159,249160,1256170
1184080,1530540,"Djibouti",23200,23180,"DJ","DJI",51.082,0.0131,0.0001,160,346460,1184080
933154,1000260,"Fiji",18272,18270,"FJ","FJI",51.0758,0.0047,0.0001,161,67106,933154
882847,1307560,"Comoros",1862,1861,"KM","COM",474.3939,0.0187,0.0001,162,424713,882847
882405,941413,"Reunion",2511,2512,"RE","REU",351.2759,0.0043,0.0001,163,59008,882405
838645,1309110,"Solomon Islands",28896,27990,"SB","SLB",29.9623,0.0237,0.0001,164,470465,838645
835986,940607,"Guyana",214969,196850,"GY","GUY",4.2468,0.0059,0.0001,165,104621,835986
796682,882340,"Bhutan",38394,38140,"BT","BTN",20.8884,0.0065,0.0001,166,85658,796682
722007,668860,"Macau",32.9,32.9,"MO","MAC",21945.5015,0.0024,0.0001,167,-53147,722007
680453,791464,"Luxembourg",2586,2574.5,"LU","LUX",264.3049,0.011,0.0001,168,111011,680453
639850,733904,"Suriname",163820,156000,"SR","SUR",4.1016,0.0085,0.0001,169,94054,639850
632729,533295,"Montenegro",13812,13450,"ME","MNE",47.043,-0.009,0.0001,170,-99434,632729
600904,777316,"Western Sahara",266000,266000,"EH","ESH",2.259,0.0176,0.0001,171,176412,600904
545405,535721,"Malta",316,320,"MT","MLT",1704.3906,0.0107,0.0001,172,-9684,545405
529676,589962,"Maldives",300,300,"MV","MDV",1765.5867,0.0036,0.0001,173,60286,529676
527326,566134,"Cape Verde",4033,4033,"CV","CPV",130.7528,0.0047,0.0001,174,38808,527326
466330,519551,"Brunei",5765,5270,"BN","BRN",88.4877,0.0078,0.0001,175,53221,466330
422924,516627,"Belize",22966,22810,"BZ","BLZ",18.5412,0.014,0.0001,176,93703,422924
403033,424265,"Bahamas",13943,10010,"BS","BHS",40.263,0.0044,0.0001,177,21232,403033
398266,432993,"Iceland",103000,100830,"IS","ISL",3.9499,0.0124,0,178,34727,398266
373791,326318,"Guadeloupe",1628,1628,"GP","GLP",229.6014,-0.0035,0,179,-47473,373791
340439,282070,"Martinique",1128,1128,"MQ","MTQ",301.8076,-0.008,0,180,-58369,340439
337011,645426,"Mayotte",374,374,"YT","MYT",901.0989,0.0322,0,181,308415,337011
335169,534388,"Vanuatu",12189,12190,"VU","VUT",27.4954,0.0226,0,182,199219,335169
313666,471916,"French Guiana",83534,83534,"GF","GUF",3.755,0.0167,0,183,158250,313666
295333,340580,"New Caledonia",18575,18280,"NC","NCL",16.1561,0.0092,0,184,45247,295333
282623,264216,"Barbados",430,430,"BB","BRB",657.2628,0.0006,0,185,-18407,282623
282465,284750,"French Polynesia",4167,3471,"PF","PYF",81.3786,0.0023,0,186,2285,282465
240254,365115,"Sao Tome and Principe",964,960,"ST","STP",250.2646,0.02,0,187,124861,240254
219306,272726,"Samoa",2842,2780,"WS","WSM",78.8871,0.0059,0,188,53420,219306
185487,173498,"Curacao",444,444,"CW","CUW",417.7635,0,0,189,-11989,185487
180149,172081,"Saint Lucia",616,610,"LC","LCA",295.3262,0.0023,0,190,-8068,180149
168999,191458,"Guam",549,540,"GU","GUM",312.9611,0.0073,0,191,22459,168999
136488,182621,"Kiribati",811,810,"KI","KIR",168.5037,0.0146,0,192,46133,136488
132779,141746,"Seychelles",452,460,"SC","SYC",288.65,0.0181,0,193,8967,132779
117303,113243,"Grenada",344,340,"GD","GRD",345.0088,0.0008,0,194,-4060,117303
113683,126408,"Micronesia",702,700,"FM","FSM",162.4043,0.0046,0,195,12725,113683
108147,100002,"Aruba",180,180,"AW","ABW",600.8167,0.0007,0,196,-8145,108147
103989,104766,"Jersey",116,120,"JE","JEY",866.575,0.0014,0,197,777,103989
103742,105195,"Tonga",747,720,"TO","TON",144.0861,-0.0042,0,198,1453,103742
99924,88942,"Saint Vincent and the Grenadines",389,390,"VC","VCT",256.2154,-0.0069,0,199,-10982,99924
94209,95055,"Antigua and Barbuda",442,440,"AG","ATG",214.1114,0.0047,0,200,846,94209
84138,71225,"United States Virgin Islands",347,347,"VI","VIR",242.4726,-0.009,0,201,-12913,84138
84118,77971,"Isle of Man",572,570,"IM","IMN",147.5754,-0.0005,0,202,-6147,84118
82904,82195,"Andorra",468,470,"AD","AND",176.3915,0.0118,0,203,-709,82904
75844,103959,"Cayman Islands",264,240,"KY","CYM",316.0167,0.0186,0,204,28115,75844
65871,63192,"Dominica",751,750,"DM","DMA",87.828,-0.005,0,205,-2679,65871
64555,56937,"Bermuda",54,54,"BM","BMU",1195.463,-0.0013,0,206,-7618,64555
64477,62800,"Guernsey",78,63,"GG","GGY",1023.4444,0.0031,0,207,-1677,64477
56002,63035,"Faroe Islands",1393,1366,"FO","FRO",40.9971,0.0109,0,208,7033,56002
55745,49898,"Greenland",2166086,410450,"GL","GRL",0.1358,-0.0017,0,209,-5847,55745
46922,44249,"Saint Kitts and Nevis",261,260,"KN","KNA",180.4692,0.0017,0,210,-2673,46922
46855,50988,"Turks and Caicos Islands",948,948,"TC","TCA",49.4251,0.0069,0,211,4133,46855
46029,37545,"American Samoa",199,200,"AS","ASM",230.145,-0.0157,0,212,-8484,46029
43923,51017,"Sint Maarten",34,34,"SX","SXM",1291.8529,0.0132,0,213,7094,43923
43541,42764,"Northern Mariana Islands",464,460,"MP","MNP",94.6543,-0.0166,0,214,-777,43541
40128,43013,"Liechtenstein",160,160,"LI","LIE",250.8,0.0065,0,215,2885,40128
40126,49798,"Gibraltar",6.8,6.8,"GI","GIB",5900.8824,0.0203,0,216,9672,40126
39732,40340,"British Virgin Islands",151,150,"VG","VGB",264.88,0.0066,0,217,608,39732
38341,36757,"Monaco",2.02,2,"MC","MCO",19170.5,-0.0075,0,218,-1584,38341
36282,25195,"Marshall Islands",181,180,"MH","MHL",201.5667,-0.0337,0,219,-11087,36282
33572,33696,"San Marino",61,60,"SM","SMR",559.5333,-0.0003,0,220,124,33572
24941,18795,"Saint Martin",53,50,"MF","MAF",498.82,-0.0455,0,221,-6146,24941
17663,15518,"Palau",459,460,"PW","PLW",38.3978,-0.0018,0,222,-2145,17663
14728,14552,"Anguilla",91,91,"AI","AIA",161.8462,0.0089,0,223,-176,14728
13263,9337,"Cook Islands",240,240,"CK","COK",55.2625,-0.0339,0,224,-3926,13263
12025,15758,"Nauru",21,20,"NR","NRU",601.25,0.0065,0,225,3733,12025
11414,12789,"Saint Barthelemy",21,25,"BL","BLM",456.56,0.0139,0,226,1375,11414
11194,10148,"Wallis and Futuna",274,274,"WF","WLF",40.854,-0.0074,0,227,-1046,11194
9492,9781,"Tuvalu",26,30,"TV","TUV",316.4,-0.016,0,228,289,9492
5574,4258,"Saint Pierre and Miquelon",242,242,"PM","SPM",23.0331,-0.0096,0,229,-1316,5574
4359,3692,"Montserrat",102,102,"MS","MSR",42.7353,-0.0068,0,230,-667,4359
3469,3176,"Falkland Islands",12173,12173,"FK","FLK",0.285,-0.0003,0,231,-293,3469
2608,3821,"Tokelau",12,10,"TK","TKL",260.8,0.0407,0,232,1213,2608
1821,1966,"Niue",261,261,"NU","NIU",6.977,0.0011,0,233,145,1821
501,714,"Vatican City",0.44,0.44,"VA","VAT",1138.6364,0.0101,0,234,213,501